Workbook

Sheet raw data
A1: CUSTOMER ID | B1: NAME | C1: E-MAIL | E1: PHONE | F1: CITY | G1: ORDER AMOUNT
A2: C001 | B2: rahul sharma | C2: rahul@gmail.com | E2: 9845672343 | F2: delhi | G2: 2100
A3: C002 | B3: priya singh | C3: priya@gmail.com | E3: 9652843159 | F3: NOIDA | G3: 1200
A4: C003 | B4: amit kumar | C4: amit@gmail.com | E4: 4568273915 | F4: kanpur | G4: 350
A5: C004 | B5: neha verma | C5: neha@gmail.com | E5: 8526379415 | F5: Jaunpur | G5: 1500
A6: C005 | B6: rohan gupta | C6: rohan@gmail.com | E6: 9685237415 | F6: Jhansi | G6: 470
A7: C006 | B7: sneha patel | C7: sneha@gmail.com | E7: 8526974399 | G7: 3500
A8: C007 | B8: ARJUN MEHRA | C8: arjun@gmail.com | E8: 8506320759 | F8: RAIPUR | G8: 1600
A9: C008 | B9: puja yadav | C9: puja@gmail.com | E9: 9889524376 | F9: telangana | G9: 1360
A10: C009 | B10: Karan singh | C10: karan@gmail.com | E10: 8415679832 | F10: hyderabad | G10: 5470
A11: C010 | B11: ANjali gupta | C11: anjali@gmail.com | E11: 8973426510 | F11: delhi | G11: 3200
A12: C011 | B12: rahul sharma | C12: rahul@gmail.com | E12: 9845672343 | F12: delhi | G12: 2100
A13: C012 | B13: MeenaJoshi | C13: meena@gmail.com | E13: 8009865735 | F13: sitapur | G13: 120
A14: C013 | B14: vivek mishra | C14: vivek@gmail.com | E14: 3490798956 | F14: Manipur | G14: 720
A15: C014 | B15: kavya singh | C15: kavya@gmail.com | E15: 6579824315 | F15: delhi | G15: 360
A16: C015 | B16: aman khan | C16: aman@gmail.com | E16: 6509807235 | F16: noida | G16: 660
A17: C016 | B17: Simran Kaur | C17: simran@gmail.com | E17: 2896748028 | F17: chandigarh | G17: 480
A18: C017 | B18: Rohit verma | C18: rohit@gmail.com | E18: 9549768109 | F18: sonepat | G18: 1700
A19: C018 | B19: Preeti Sharma | E19: 2386541790 | F19: Bareilly | G19: 1780
A20: C019 | B20: Mohit Aggarwal | C20: mohit@gmail.com | E20: 9885760147 | F20: madurai | G20: 1560
A21: C020 | B21: DivyaSingh | C21: divya@gmail.com | F21: vellore | G21: 500
A22: C021 | B22: Saurabh Gupta | C22: saurabh@gmail.com | E22: 9534762019 | F22: LUCKNOW | G22: 1360
A23: C022 | B23: nisha verma | C23: nisha@gmail.com | F23: azamgarh | G23: 850
A24: C023 | B24: Aditya Kumar | C24: aditya@gmail.com | E24: 5724164937 | F24: pune | G24: 7230
A25: C024 | B25: Poonam yadav | C25: poonam@gmail.com | E25: 4079865321 | F25: raipur | G25: 4300
A26: C025 | B26: Arjun mehra | C26: arjun@gmail.com | E26: 4679132850 | F26: Kannauj | G26: 410
A27: C026 | B27: Tanya Kapoor | C27: tanya@gmail.com | E27: 8052349167 | F27: gazipur | G27: 550
A28: C027 | B28: raj malhotra | C28: raj@gmail.com | E28: 5264913756 | F28: surat | G28: 4210
A29: C028 | B29: neha verma | C29: neha@gmail.com | E29: 9456795140 | G29: 570
A30: C029 | B30: manish tiwari | C30: manish@gmail.com | E30: 3456298710 | F30: nagpur | G30: 3200
A31: C030 | B31: AYESHA KHAN | C31: ayesha@gmail.com | E31: 8523947018 | F31: Durgapur | G31: 1210

Sheet clean data
A1: CUSTOMER ID | B1: NAME | C1: E-MAIL | D1: PHONE | E1: CITY | F1: ORDER AMOUNT
A2: C001 | B2: =PROPER(TRIM('raw data'!B2)) -> Rahul Sharma | C2: rahul@gmail.com | D2: 9845672343 | E2: =PROPER(TRIM('raw data'!F2)) -> Delhi | F2: 2100
A3: C002 | B3: =PROPER(TRIM('raw data'!B3)) -> Priya Singh | C3: priya@gmail.com | D3: 9652843159 | E3: =PROPER(TRIM('raw data'!F3)) -> Noida | F3: 1200
A4: C003 | B4: =PROPER(TRIM('raw data'!B4)) -> Amit Kumar | C4: amit@gmail.com | D4: 4568273915 | E4: =PROPER(TRIM('raw data'!F4)) -> Kanpur | F4: 350
A5: C004 | B5: =PROPER(TRIM('raw data'!B5)) -> Neha Verma | C5: neha@gmail.com | D5: 8526379415 | E5: =PROPER(TRIM('raw data'!F5)) -> Jaunpur | F5: 1500
A6: C005 | B6: =PROPER(TRIM('raw data'!B6)) -> Rohan Gupta | C6: rohan@gmail.com | D6: 9685237415 | E6: =PROPER(TRIM('raw data'!F6)) -> Jhansi | F6: 470
A7: C006 | B7: =PROPER(TRIM('raw data'!B7)) -> Sneha Patel | C7: sneha@gmail.com | D7: 8526974399 | E7: =PROPER(TRIM('raw data'!F7)) | F7: 3500
A8: C007 | B8: =PROPER(TRIM('raw data'!B8)) -> Arjun Mehra | C8: arjun@gmail.com | D8: 8506320759 | E8: =PROPER(TRIM('raw data'!F8)) -> Raipur | F8: 1600
A9: C008 | B9: =PROPER(TRIM('raw data'!B9)) -> Puja Yadav | C9: puja@gmail.com | D9: 9889524376 | E9: =PROPER(TRIM('raw data'!F9)) -> Telangana | F9: 1360
A10: C009 | B10: =PROPER(TRIM('raw data'!B10)) -> Karan Singh | C10: karan@gmail.com | D10: 8415679832 | E10: =PROPER(TRIM('raw data'!F10)) -> Hyderabad | F10: 5470
A11: C010 | B11: =PROPER(TRIM('raw data'!B11)) -> Anjali Gupta | C11: anjali@gmail.com | D11: 8973426510 | E11: =PROPER(TRIM('raw data'!F11)) -> Delhi | F11: 3200
A12: C011 | B12: =PROPER(TRIM('raw data'!B13)) -> Meenajoshi | C12: meena@gmail.com | D12: 8009865735 | E12: =PROPER(TRIM('raw data'!F13)) -> Sitapur | F12: 120
A13: C012 | B13: =PROPER(TRIM('raw data'!B14)) -> Vivek Mishra | C13: vivek@gmail.com | D13: 3490798956 | E13: =PROPER(TRIM('raw data'!F14)) -> Manipur | F13: 720
A14: C013 | B14: =PROPER(TRIM('raw data'!B15)) -> Kavya Singh | C14: kavya@gmail.com | D14: 6579824315 | E14: =PROPER(TRIM('raw data'!F15)) -> Delhi | F14: 360
A15: C014 | B15: =PROPER(TRIM('raw data'!B16)) -> Aman Khan | C15: aman@gmail.com | D15: 6509807235 | E15: =PROPER(TRIM('raw data'!F16)) -> Noida | F15: 660
A16: C015 | B16: =PROPER(TRIM('raw data'!B17)) -> Simran Kaur | C16: simran@gmail.com | D16: 2896748028 | E16: =PROPER(TRIM('raw data'!F17)) -> Chandigarh | F16: 480
A17: C016 | B17: =PROPER(TRIM('raw data'!B18)) -> Rohit Verma | C17: rohit@gmail.com | D17: 9549768109 | E17: =PROPER(TRIM('raw data'!F18)) -> Sonepat | F17: 1700
A18: C017 | B18: =PROPER(TRIM('raw data'!B19)) -> Preeti Sharma | D18: 2386541790 | E18: =PROPER(TRIM('raw data'!F19)) -> Bareilly | F18: 1780
A19: C018 | B19: =PROPER(TRIM('raw data'!B20)) -> Mohit Aggarwal | C19: mohit@gmail.com | D19: 9885760147 | E19: =PROPER(TRIM('raw data'!F20)) -> Madurai | F19: 1560
A20: C019 | B20: =PROPER(TRIM('raw data'!B21)) -> Divyasingh | C20: divya@gmail.com | E20: =PROPER(TRIM('raw data'!F21)) -> Vellore | F20: 500
A21: C020 | B21: =PROPER(TRIM('raw data'!B22)) -> Saurabh Gupta | C21: saurabh@gmail.com | D21: 9534762019 | E21: =PROPER(TRIM('raw data'!F22)) -> Lucknow | F21: 1360
A22: C021 | B22: =PROPER(TRIM('raw data'!B23)) -> Nisha Verma | C22: nisha@gmail.com | E22: =PROPER(TRIM('raw data'!F23)) -> Azamgarh | F22: 850
A23: C022 | B23: =PROPER(TRIM('raw data'!B24)) -> Aditya Kumar | C23: aditya@gmail.com | D23: 5724164937 | E23: =PROPER(TRIM('raw data'!F24)) -> Pune | F23: 7230
A24: C023 | B24: =PROPER(TRIM('raw data'!B25)) -> Poonam Yadav | C24: poonam@gmail.com | D24: 4079865321 | E24: =PROPER(TRIM('raw data'!F25)) -> Raipur | F24: 4300
A25: C024 | B25: =PROPER(TRIM('raw data'!B26)) -> Arjun Mehra | C25: arjun@gmail.com | D25: 4679132850 | E25: =PROPER(TRIM('raw data'!F26)) -> Kannauj | F25: 410
A26: C025 | B26: =PROPER(TRIM('raw data'!B27)) -> Tanya Kapoor | C26: tanya@gmail.com | D26: 8052349167 | E26: =PROPER(TRIM('raw data'!F27)) -> Gazipur | F26: 550
A27: C026 | B27: =PROPER(TRIM('raw data'!B28)) -> Raj Malhotra | C27: raj@gmail.com | D27: 5264913756 | E27: =PROPER(TRIM('raw data'!F28)) -> Surat | F27: 4210
A28: C027 | B28: =PROPER(TRIM('raw data'!B29)) -> Neha Verma | C28: neha@gmail.com | D28: 9456795140 | E28: =PROPER(TRIM('raw data'!F29)) | F28: 570
A29: C028 | B29: =PROPER(TRIM('raw data'!B30)) -> Manish Tiwari | C29: manish@gmail.com | D29: 3456298710 | E29: =PROPER(TRIM('raw data'!F30)) -> Nagpur | F29: 3200
A30: C029 | B30: =PROPER(TRIM('raw data'!B31)) -> Ayesha Khan | C30: ayesha@gmail.com | D30: 8523947018 | E30: =PROPER(TRIM('raw data'!F31)) -> Durgapur | F30: 1210

Sheet summary 
C2: CUSTOMER DATA CLEANING PROJECT
B5: METRIC | C5: RESULT
B6: Total customers | C6: =COUNTA('clean data'!A2:A30) -> 29 | E6: Tools used: | F6: Google sheets
B7: Total sales | C7: =SUM('clean data'!F2:F30) -> 52520 | E7: Datasets : | F7: 30
B8: Average order | C8: =AVERAGE('clean data'!F2:F30) -> 1811.0345 | E8: Records after cleaning: | F8: 29
B9: Highest order | C9: =MAX('clean data'!F2:F30) -> 7230
B10: Lowest order | C10: =MIN('clean data'!F2:F30) -> 120
B11: Duplicate records | C11: 1
B12: Missing records | C12: 5
